{"max": [17.0151, 12.4262, 33.8596], "centroid": [-0.040562596874631394, 3.4799608162379045, 11.869633429150374], "id": "6ad44d7abe7492b7d89ea85a4a66c0f9", "numVertices": 17022, "min": [-17.0849, 0.037989, -3.81595]}
