{"max": [30.4762, 18.3665, 63.6656], "centroid": [0.014370463365637073, 3.476908414334129, 25.004837126098643], "id": "3e8fc3155bbc4225c1ccec171a275967", "numVertices": 11832, "min": [-30.4239, 0.0, 0.0]}
