{"max": [0.0, 19.5573, 70.9087], "centroid": [-33.10648002162652, 3.343695936921107, 31.025907610251384], "id": "d1b28579fde95f19e1873a3963e0d14", "numVertices": 20086, "min": [-66.1806, 5.96046e-08, 0.0]}
