{"max": [2.86102e-05, 16.8566, 64.5769], "centroid": [-30.20058641685684, 5.535270611350771, 29.535820560252684], "id": "5e44d38e88458ab1e1873a3963e0d14", "numVertices": 16448, "min": [-60.3003, -2.75183e-06, -7.0012e-08]}
