{"max": [23.8126, 16.064, 56.4962], "centroid": [0.003963669641884328, 3.2335102968940324, 22.824178511530704], "id": "4561def0c651631122309ea5a3ab0f04", "numVertices": 14353, "min": [-23.8146, 0.0, 0.0]}
