{"max": [0.0, 12.7627, 45.9803], "centroid": [-21.133430661497584, 3.2755816868425294, 14.722189081611893], "id": "1e8adc1e176bc68571d03b466c72ce41", "numVertices": 17929, "min": [-42.2324, -4.47035e-07, 3.8147e-06]}
